name,age,email,company
Linda Stuart,34,ipsum.Suspendisse@utpharetra.org,Justo Consulting
Kaden Jefferson,33,Cum.sociis@utpellentesqueeget.ca,Nibh Inc.
Echo Shields,36,sed.dui.Fusce@turpis.net,Lectus Justo Ltd
Dai Walters,30,tempus@venenatisa.co.uk,Cras Institute
Nina Beach,36,et.netus.et@vulputatelacusCras.edu,Risus A Ultricies Corp.
Marah Gilliam,23,sed.dolor.Fusce@enimnec.ca,Elit Limited
Paloma Camacho,22,enim.Etiam.gravida@cursusaenim.co.uk,Ipsum Nunc Associates
Quon Rice,27,Donec@blanditNam.co.uk,Mauris Foundation
Mary Tucker,23,sit@Donec.com,Mi Felis Adipiscing Consulting
Zena Burch,37,adipiscing.enim.mi@laoreetposuere.co.uk,Nec Associates
Kelsie Mills,40,parturient.montes@sedhendrerit.org,Tortor Nunc Limited
Florence Haynes,40,sollicitudin.orci.sem@nisl.ca,Sed Facilisis Vitae Industries
Kaden Zimmerman,34,consectetuer.ipsum.nunc@maurisMorbi.edu,Integer Id Industries
Jillian Benton,22,interdum.Sed.auctor@molestiesodales.org,Ullamcorper Viverra Maecenas Inc.
Iliana Stone,34,sem.consequat.nec@orciluctuset.com,Dictum Proin Eget LLP
Christen Buck,25,Lorem.ipsum.dolor@Nuncmaurissapien.org,Posuere Cubilia Curae; Foundation
Zelda Byrd,25,vitae.velit@morbitristiquesenectus.edu,Nibh Dolor Incorporated
Blaine Hinton,33,Aenean@Utsemperpretium.net,Nulla Tincidunt Neque Foundation
Karly Kent,40,rutrum.Fusce@sollicitudin.org,A Auctor LLP